Workbook

Sheet Analise exploratória 
B2: Insights | E2: Insights | W2: Insights
B3: 1. Os dados dos estudantes não estão repetidos | E3: 1. Os dados não possui outliers. | W3: 1. Os dados estão be distribuidos, etretanto duas horas estão predomintantes
B4: 2. Temos duzentos alunos, são de que periodo ? | E4: 2. O tempo medio e a mediana se encontram proximas. | W4: a de 5 a 6 horas e de 8 a 9 horas.
E5: 3. Vimos que a concentração está maior entre 3 a 5 horas estudadas. | W5: 2. Quase 50 % dos dados estão entre os dois grupos de horas dormidas (8-9 e 5-6)
AR7: Sleep Hours | AS7: Soma de exam_score
B8: ID do Estudante | C8: Contagem do estudantes | E8: Hours Studied | F8: Contagem de hours_studied | W8: Sleep Hours | X8: Contagem de sleep_hours | Y8: % Sleep Hours | Z8: % Acum Sleep Hours | AR8: S001 | AS8: 30.2
B9: S001 | C9: 1 | E9: 3-4 | F9: 31 | W9: 8-9 | X9: 53 | Y9: 0.265 | Z9: 0.265 | AR9: S002 | AS9: 25
B10: S002 | C10: 1 | E10: 11-12 | F10: 19 | W10: 5-6 | X10: 42 | Y10: 0.21 | Z10: 0.475 | AR10: S003 | AS10: 35.8
B11: S003 | C11: 1 | E11: 10-11 | F11: 18 | W11: 7-8 | X11: 36 | Y11: 0.18 | Z11: 0.655 | AR11: S004 | AS11: 34
B12: S004 | C12: 1 | E12: 5-6 | F12: 18 | W12: 6-7 | X12: 36 | Y12: 0.18 | Z12: 0.835 | AR12: S005 | AS12: 40.3
B13: S005 | C13: 1 | E13: 1-2 | F13: 18 | W13: 4-5 | X13: 33 | Y13: 0.165 | Z13: 1 | AR13: S006 | AS13: 35.7
B14: S006 | C14: 1 | E14: 7-8 | F14: 17 | W14: Total Geral | X14: 200 | Y14: 1 | AR14: S007 | AS14: 37.9
B15: S007 | C15: 1 | E15: 8-9 | F15: 17 | AR15: S008 | AS15: 18.3
B16: S008 | C16: 1 | E16: 2-3 | F16: 16 | AR16: S009 | AS16: 34.7
B17: S009 | C17: 1 | E17: 9-10 | F17: 16 | AR17: S010 | AS17: 24.7
B18: S010 | C18: 1 | E18: 6-7 | F18: 16 | AR18: S011 | AS18: 29.3
B19: S011 | C19: 1 | E19: 4-5 | F19: 14 | AR19: S012 | AS19: 35.1
B20: S012 | C20: 1 | E20: Total Geral | F20: 200 | AR20: S013 | AS20: 31.2
B21: S013 | C21: 1 | AR21: S014 | AS21: 30.2
B22: S014 | C22: 1 | AR22: S015 | AS22: 41.1
B23: S015 | C23: 1 | AR23: S016 | AS23: 34.1
B24: S016 | C24: 1 | AR24: S017 | AS24: 28.9
B25: S017 | C25: 1 | AR25: S018 | AS25: 36.3
B26: S018 | C26: 1 | AR26: S019 | AS26: 35.6
B27: S019 | C27: 1 | AR27: S020 | AS27: 17.1
B28: S020 | C28: 1 | AR28: S021 | AS28: 46
B29: S021 | C29: 1 | AR29: S022 | AS29: 36.1
B30: S022 | C30: 1 | AR30: S023 | AS30: 29.6
B31: S023 | C31: 1 | AR31: S024 | AS31: 35.9
B32: S024 | C32: 1 | AR32: S025 | AS32: 39.2
... B208: S200 | C208: 1 | AR208: Total Geral | AS208: 6791
B209: Total Geral | C209: 200

Sheet Analise correlacionada

Sheet HrEstudadaXNotaProva
A1: Regression Analysis
A3: OVERALL FIT
A4: Multiple R | B4: =SQRT(B5) -> 0.77675143 | D4: AIC | E4: =B8*LN(C13/B8)+2*(B12+1) -> 584.21469
A5: R Square | B5: =C12/C14 -> 0.60334279 | D5: AICc | E5: =E4+2*(B12+2)*(B12+3)/(B8-B12-3) -> 584.33714
A6: Adjusted R Square | B6: =1-(1-B5)*(B8-1)/(B8-B12-1) -> 0.60133947 | D6: SBC | E6: =B8*LN(C13/B8)+(B12+1)*LN(B8) -> 590.81132
A7: Standard Error | B7: =SQRT(D13) -> 4.2868915
A8: Observations | B8: =COUNT(student_exam_scores!F2:F201) -> 200
A10: ANOVA | E10: Alpha | F10: 0.05
B11: df | C11: SS | D11: MS | E11: F | F11: p-value | G11: sig
A12: Regression | B12: =COUNT(student_exam_scores!B2) -> 1 | C12: =DEVSQ(MMULT([1]!DEsign(student_exam_scores!B2:B201),B17:B18)) -> 5534.7621 | D12: =C12/B12 -> 5534.7621 | E12: =D12/D13 -> 301.17157 | F12: =_xlfn.F.DIST.RT(E12,B12,B13) -> 1.271981e-41 | G12: =IF(F12<F10,"yes","no") -> yes
A13: Residual | B13: =B14-B12 -> 198 | C13: =C14-C12 -> 3638.7329 | D13: =C13/B13 -> 18.377439
A14: Total | B14: =B8-1 -> 199 | C14: =DEVSQ(student_exam_scores!F2:F201) -> 9173.495
B16: coeff | C16: std err | D16: t stat | E16: p-value | F16: lower | G16: upper
A17: Intercept | B17: {=[1]!RegCoeff(student_exam_scores!B2:B201,student_exam_scores!F2:F201)} -> 23.618438 | C17: 0.6683189 | D17: =B17/C17 -> 35.340072 | E17: =_xlfn.T.DIST.2T(ABS(D17),$B$13) -> 1.864221e-87 | F17: =B17-_xlfn.T.INV.2T(F$10,$B$13)*C17 -> 22.300501 | G17: =B17+_xlfn.T.INV.2T(F$10,$B$13)*C17 -> 24.936374
A18: {=TRANSPOSE(student_exam_scores!B1)} -> hours_studied | B18: 1.6341099 | C18: 0.094161697 | D18: =B18/C18 -> 17.354295 | E18: =_xlfn.T.DIST.2T(ABS(D18),$B$13) -> 1.271981e-41 | F18: =B18-_xlfn.T.INV.2T(F$10,$B$13)*C18 -> 1.4484214 | G18: =B18+_xlfn.T.INV.2T(F$10,$B$13)*C18 -> 1.8197984

Sheet student_exam_scores
A1: student_id | B1: hours_studied | C1: sleep_hours | D1: attendance_percent | E1: previous_scores | F1: exam_score
A2: S001 | B2: 8 | C2: 8.8 | D2: 0.721 | E2: 45 | F2: 30.2
A3: S002 | B3: 1.3 | C3: 8.6 | D3: 0.607 | E3: 55 | F3: 25
A4: S003 | B4: 4 | C4: 8.2 | D4: 0.737 | E4: 86 | F4: 35.8
A5: S004 | B5: 3.5 | C5: 4.8 | D5: 0.951 | E5: 66 | F5: 34
A6: S005 | B6: 9.1 | C6: 6.4 | D6: 0.898 | E6: 71 | F6: 40.3
A7: S006 | B7: 8.4 | C7: 5.1 | D7: 0.585 | E7: 75 | F7: 35.7
A8: S007 | B8: 10.8 | C8: 6 | D8: 0.542 | E8: 88 | F8: 37.9
A9: S008 | B9: 2 | C9: 4.3 | D9: 0.758 | E9: 55 | F9: 18.3
A10: S009 | B10: 5.6 | C10: 5.9 | D10: 0.816 | E10: 84 | F10: 34.7
A11: S010 | B11: 1.3 | C11: 8.9 | D11: 0.668 | E11: 70 | F11: 24.7
A12: S011 | B12: 3.4 | C12: 5.3 | D12: 0.909 | E12: 81 | F12: 29.3
A13: S012 | B13: 6.6 | C13: 7.9 | D13: 0.876 | E13: 85 | F13: 35.1
... A201: S200 | B201: 10.2 | C201: 6.3 | D201: 0.974 | E201: 68 | F201: 37.8

Sheet Inf
B2: Descrição | C2: Nota
B3: student_id | C3: Identificador exclusivo
B4: hours_studied | C4: Tempo de estudo ( Semanal)
B5: sleep_hours | C5: Tempo de sono Diario (Em Horas)
B6: attendance_percent | C6: Porcentagem de alunos em todas as aulas frequentadas.
B7: previous_scores | C7: Pontuação do aluno em testes mais recentes
B8: exam_score | C8: Nota final do exame do aluno ( Variável Alvo)
